Fecha,Sorteo,SuperGana,TripleGana
2024-02-27,1 pm,6581,4
2024-02-27,4 pm,6992,9
2024-02-27,10 pm,9008,0
2024-02-28,1 pm,3600,3
2024-02-28,4 pm,1839,0
2024-02-28,10 pm,9040,8
2024-02-29,1 pm,7333,7
2024-02-29,4 pm,4847,2
2024-02-29,10 pm,9967,3
2024-03-01,1 pm,3240,2
2024-03-01,4 pm,4094,8
2024-03-01,10 pm,8417,7
2024-03-02,1 pm,6335,4
2024-03-02,4 pm,4672,5
2024-03-02,10 pm,5790,3
2024-03-03,1 pm,7568,1
2024-03-03,4 pm,1071,3
2024-03-03,10 pm,7513,5
2024-03-04,1 pm,5224,2
2024-03-04,4 pm,2605,2
2024-03-04,10 pm,7818,5
2024-03-05,1 pm,3477,3
2024-03-05,4 pm,9946,7
2024-03-05,10 pm,5314,2
2024-03-06,1 pm,7927,0
2024-03-06,4 pm,2799,5
2024-03-06,10 pm,98,1
2024-03-07,1 pm,7748,9
2024-03-07,4 pm,4750,5
2024-03-07,10 pm,4798,9
2024-03-08,1 pm,6759,7
2024-03-08,4 pm,1412,8
2024-03-08,10 pm,9504,3
2024-03-09,1 pm,2531,7
2024-03-09,4 pm,1690,3
2024-03-09,10 pm,6580,1
2024-03-10,1 pm,1947,7
2024-03-10,4 pm,9727,3
2024-03-10,10 pm,8033,4
2024-03-11,1 pm,6970,9
2024-03-11,4 pm,1907,4
2024-03-11,10 pm,1960,7
2024-03-12,1 pm,500,8
2024-03-12,4 pm,2938,2
2024-03-12,10 pm,7535,7
2024-03-13,1 pm,5526,0
2024-03-13,4 pm,7002,7
2024-03-13,10 pm,2892,7
2024-03-14,1 pm,9479,4
2024-03-14,4 pm,6922,2
2024-03-14,10 pm,8196,6
2024-03-15,1 pm,3260,3
2024-03-15,4 pm,7697,5
2024-03-15,10 pm,7809,9
2024-03-16,1 pm,7477,8
2024-03-16,4 pm,7742,0
2024-03-16,10 pm,6335,2
2024-03-17,1 pm,5939,2
2024-03-17,4 pm,2042,5
2024-03-17,10 pm,3414,0
2024-03-18,1 pm,3661,7
2024-03-18,4 pm,863,3
2024-03-18,10 pm,7786,4
2024-03-19,1 pm,1487,5
2024-03-19,4 pm,2379,5
2024-03-19,10 pm,7886,2
2024-03-20,1 pm,4258,7
2024-03-20,4 pm,8664,6
2024-03-20,10 pm,5311,1
2024-03-21,1 pm,6894,8
2024-03-21,4 pm,4139,1
2024-03-21,10 pm,8214,6
2024-03-22,1 pm,5604,0
2024-03-22,4 pm,3782,1
2024-03-22,10 pm,1416,7
2024-03-23,1 pm,4775,0
2024-03-23,4 pm,5797,2
2024-03-23,10 pm,1597,9
2024-03-24,1 pm,6707,1
2024-03-24,4 pm,6709,0
2024-03-24,10 pm,6258,9
2024-03-25,1 pm,5277,2
2024-03-25,4 pm,4826,0
2024-03-25,10 pm,8731,2
2024-03-26,1 pm,4439,3
2024-03-26,4 pm,7229,4
2024-03-26,10 pm,9560,9
2024-03-27,1 pm,9526,0
2024-03-27,4 pm,8613,3
2024-03-27,10 pm,1570,2
2024-03-30,1 pm,522,1
2024-03-30,4 pm,584,2
2024-03-30,10 pm,90,4
2024-03-31,1 pm,2170,9
2024-03-31,4 pm,790,5
2024-03-31,10 pm,6936,4
2024-04-01,1 pm,8062,2
2024-04-01,4 pm,6163,3
2024-04-01,10 pm,9426,6
2024-04-02,1 pm,3593,2
2024-04-02,4 pm,454,4
2024-04-02,10 pm,327,5
2024-04-03,1 pm,1542,5
2024-04-03,4 pm,5992,7
2024-04-03,10 pm,3346,6
2024-04-04,1 pm,8450,1
2024-04-04,4 pm,2326,4
2024-04-04,10 pm,1656,3
2024-04-05,1 pm,1162,8
2024-04-05,4 pm,9705,6
2024-04-05,10 pm,5341,5
2024-04-06,1 pm,4546,2
2024-04-06,4 pm,8840,9
2024-04-06,10 pm,3496,8
2024-04-07,1 pm,5617,8
2024-04-07,4 pm,9293,1
2024-04-07,10 pm,7062,8
2024-04-08,1 pm,4141,0
2024-04-08,4 pm,5828,6
2024-04-08,10 pm,6779,7
2024-04-09,1 pm,926,5
2024-04-09,4 pm,415,1
2024-04-09,10 pm,6383,7
2024-04-10,1 pm,9502,8
2024-04-10,4 pm,2844,4
2024-04-10,10 pm,2610,6
2024-04-11,1 pm,2854,3
2024-04-11,4 pm,1273,3
2024-04-11,10 pm,9091,2
2024-04-12,1 pm,4304,8
2024-04-12,4 pm,5666,0
2024-04-12,10 pm,6017,9
2024-04-13,1 pm,9054,0
2024-04-13,4 pm,1744,4
2024-04-13,10 pm,1260,2
2024-04-14,1 pm,144,9
2024-04-14,4 pm,1094,5
2024-04-14,10 pm,4986,7
2024-04-15,1 pm,9449,2
2024-04-15,4 pm,9202,3
2024-04-15,10 pm,7675,4
2024-04-16,1 pm,621,9
2024-04-16,4 pm,1426,9
2024-04-16,10 pm,5950,6
2024-04-17,1 pm,4676,2
2024-04-17,4 pm,2666,6
2024-04-17,10 pm,757,1
2024-04-18,1 pm,1580,3
2024-04-18,4 pm,7670,0
2024-04-18,10 pm,4753,8
2024-04-19,1 pm,3157,7
2024-04-19,4 pm,6628,2
2024-04-19,10 pm,7889,6
2024-04-20,1 pm,356,2
2024-04-20,4 pm,122,9
2024-04-20,10 pm,2795,5
2024-04-21,1 pm,2600,2
2024-04-21,4 pm,7283,5
2024-04-21,10 pm,1625,4
2024-04-22,1 pm,7615,4
2024-04-22,4 pm,2553,9
2024-04-22,10 pm,9070,0
2024-04-23,1 pm,3731,9
2024-04-23,4 pm,9136,8
2024-04-23,10 pm,7727,5
2024-04-24,1 pm,739,8
2024-04-24,4 pm,1226,7
2024-04-24,10 pm,6965,3
2024-04-25,1 pm,3705,5
2024-04-25,4 pm,78,3
2024-04-25,10 pm,6707,5
2024-04-26,1 pm,504,4
2024-04-26,4 pm,5974,0
2024-04-26,10 pm,9289,4
2024-04-27,1 pm,347,8
2024-04-27,4 pm,4268,4
2024-04-27,10 pm,5207,3
2024-04-28,1 pm,9860,1
2024-04-28,4 pm,6690,9
2024-04-28,10 pm,1171,9
2024-04-29,1 pm,1381,1
2024-04-29,4 pm,7877,5
2024-04-29,10 pm,5519,2
2024-04-30,1 pm,9455,1
2024-04-30,4 pm,6120,1
2024-04-30,10 pm,2263,5
2024-05-01,1 pm,7198,1
2024-05-01,4 pm,6441,5
2024-05-01,10 pm,1300,5
2024-05-02,1 pm,8537,9
2024-05-02,4 pm,9163,2
2024-05-02,10 pm,2473,4
2024-05-03,1 pm,3300,9
2024-05-03,4 pm,2997,7
2024-05-03,10 pm,5780,2
2024-05-04,1 pm,6948,8
2024-05-04,4 pm,3202,4
2024-05-04,10 pm,4131,6
2024-05-05,1 pm,3496,0
2024-05-05,4 pm,1376,4
2024-05-05,10 pm,5156,1
2024-05-06,1 pm,4596,2
2024-05-06,4 pm,2860,2
2024-05-06,10 pm,7029,7
2024-05-07,1 pm,6627,5
2024-05-07,4 pm,6955,0
2024-05-07,10 pm,2612,0
2024-05-08,1 pm,2113,4
2024-05-08,4 pm,6695,4
2024-05-08,10 pm,9254,0
2024-05-09,1 pm,7559,3
2024-05-09,4 pm,4298,9
2024-05-09,10 pm,1068,0
2024-05-10,1 pm,2973,1
2024-05-10,4 pm,4724,0
2024-05-10,10 pm,6348,4
2024-05-11,1 pm,2848,1
2024-05-11,4 pm,3099,2
2024-05-11,10 pm,2194,6
2024-05-12,1 pm,5877,2
2024-05-12,4 pm,6788,4
2024-05-12,10 pm,4859,3
2024-05-13,1 pm,6123,1
2024-05-13,4 pm,5721,2
2024-05-13,10 pm,6996,6
2024-05-14,1 pm,8186,6
2024-05-14,4 pm,1520,4
2024-05-14,10 pm,1597,3
2024-05-15,1 pm,650,8
2024-05-15,4 pm,4851,6
2024-05-15,10 pm,6959,5
2024-05-16,1 pm,6389,7
2024-05-16,4 pm,3401,6
2024-05-16,10 pm,1663,4
2024-05-17,1 pm,6843,5
2024-05-17,4 pm,7548,1
2024-05-17,10 pm,7170,4
2024-05-18,1 pm,9095,3
2024-05-18,4 pm,8668,6
2024-05-18,10 pm,5296,2
2024-05-19,1 pm,6110,6
2024-05-19,4 pm,1023,1
2024-05-19,10 pm,5977,7
2024-05-20,1 pm,2534,8
2024-05-20,4 pm,3151,4
2024-05-20,10 pm,6117,5
2024-05-21,1 pm,5969,8
2024-05-21,4 pm,4175,7
2024-05-21,10 pm,9340,3
2024-05-22,1 pm,2984,5
2024-05-22,4 pm,1413,4
2024-05-22,10 pm,2847,8
2024-05-23,1 pm,1534,7
2024-05-23,4 pm,4310,7
2024-05-23,10 pm,3582,9
2024-05-24,1 pm,7913,9
2024-05-24,4 pm,1831,2
2024-05-24,10 pm,9128,2
2024-05-25,1 pm,3958,8
2024-05-25,4 pm,7981,7
2024-05-25,10 pm,1545,3
2024-05-26,1 pm,890,5
2024-05-26,4 pm,171,0
2024-05-26,10 pm,6344,9
2024-05-27,1 pm,820,7
2024-05-27,4 pm,4141,3
2024-05-27,10 pm,8152,8
2024-05-28,1 pm,6723,5
2024-05-28,4 pm,5249,2
2024-05-28,10 pm,7212,9
2024-05-29,1 pm,9008,8
2024-05-29,4 pm,5125,8
2024-05-29,10 pm,6298,3
2024-05-30,1 pm,4935,5
2024-05-30,4 pm,996,0
2024-05-30,10 pm,9632,0
2024-05-31,1 pm,7143,2
2024-05-31,4 pm,6870,8
2024-05-31,10 pm,4884,0
2024-06-01,1 pm,679,7
2024-06-01,4 pm,5062,2
2024-06-01,10 pm,8039,3
2024-06-02,1 pm,8280,6
2024-06-02,4 pm,1470,3
2024-06-02,10 pm,3715,7
2024-06-03,1 pm,1478,0
2024-06-03,4 pm,5998,2
2024-06-03,10 pm,1273,7
2024-06-04,1 pm,3184,8
2024-06-04,4 pm,3390,7
2024-06-04,10 pm,1854,4
2024-06-05,1 pm,9037,6
2024-06-05,4 pm,1937,3
2024-06-05,10 pm,6383,9
2024-06-06,1 pm,6179,0
2024-06-06,4 pm,1060,5
2024-06-06,10 pm,5463,7
2024-06-07,1 pm,8276,2
2024-06-07,4 pm,525,0
2024-06-07,10 pm,6739,3
2024-06-08,1 pm,8902,4
2024-06-08,4 pm,6264,0
2024-06-08,10 pm,8767,4
2024-06-09,1 pm,8146,8
2024-06-09,4 pm,2421,1
2024-06-09,10 pm,8805,9
2024-06-10,1 pm,2300,5
2024-06-10,4 pm,7346,9
2024-06-10,10 pm,8979,8
2024-06-11,1 pm,5047,2
2024-06-11,4 pm,9886,6
2024-06-11,10 pm,8562,2
2024-06-12,1 pm,2848,7
2024-06-12,4 pm,4595,5
2024-06-12,10 pm,8626,5
2024-06-13,1 pm,4247,8
2024-06-13,4 pm,9576,0
2024-06-13,10 pm,2431,5
2024-06-14,1 pm,7768,1
2024-06-14,4 pm,1505,8
2024-06-14,10 pm,6408,0
2024-06-15,1 pm,9842,6
2024-06-15,4 pm,6661,1
2024-06-15,10 pm,8890,9
2024-06-16,1 pm,7571,4
2024-06-16,4 pm,2682,8
2024-06-16,10 pm,3512,2
2024-06-17,1 pm,7329,9
2024-06-17,4 pm,8665,3
2024-06-17,10 pm,2042,4
2024-06-18,1 pm,6923,1
2024-06-18,4 pm,7671,7
2024-06-18,10 pm,2714,9
2024-06-19,1 pm,2010,1
2024-06-19,4 pm,5499,4
2024-06-19,10 pm,1574,2
2024-06-20,1 pm,611,4
2024-06-20,4 pm,7243,4
2024-06-20,10 pm,5184,1
2024-06-21,1 pm,868,0
2024-06-21,4 pm,531,1
2024-06-21,10 pm,6080,7
2024-06-22,1 pm,5545,1
2024-06-22,4 pm,5657,8
2024-06-22,10 pm,574,0
2024-06-23,1 pm,7937,6
2024-06-23,4 pm,2776,5
2024-06-23,10 pm,2409,1
2024-06-24,1 pm,7248,6
2024-06-24,4 pm,4704,1
2024-06-24,10 pm,2362,1
2024-06-25,1 pm,4973,6
2024-06-25,4 pm,1357,7
2024-06-25,10 pm,6588,5
2024-06-26,1 pm,7380,5
2024-06-26,4 pm,6381,8
2024-06-26,10 pm,5009,5
2024-06-27,1 pm,653,8
2024-06-27,4 pm,153,7
2024-06-27,10 pm,4560,5
2024-06-28,1 pm,749,4
2024-06-28,4 pm,454,6
2024-06-28,10 pm,3359,8
2024-06-29,1 pm,7910,3
2024-06-29,4 pm,2893,2
2024-06-29,10 pm,9408,3
2024-06-30,1 pm,6560,2
2024-06-30,4 pm,6846,9
2024-06-30,10 pm,2140,5
2024-07-01,1 pm,1699,5
2024-07-01,4 pm,6216,7
2024-07-01,10 pm,725,8
2024-07-02,1 pm,1561,4
2024-07-02,4 pm,2568,9
2024-07-02,10 pm,9179,6
2024-07-03,1 pm,8248,0
2024-07-03,4 pm,9974,2
2024-07-03,10 pm,1888,3
2024-07-04,1 pm,8702,3
2024-07-04,4 pm,4048,7
2024-07-04,10 pm,9457,9
2024-07-05,1 pm,7050,6
2024-07-05,4 pm,3699,5
2024-07-05,10 pm,8836,1
2024-07-06,1 pm,5203,4
2024-07-06,4 pm,7102,1
2024-07-06,10 pm,8065,8
2024-07-07,1 pm,9823,9
2024-07-07,4 pm,9578,7
2024-07-07,10 pm,7267,6
2024-07-08,1 pm,6898,7
2024-07-08,4 pm,6994,8
2024-07-08,10 pm,4916,4
2024-07-09,1 pm,4695,1
2024-07-09,4 pm,7255,4
2024-07-09,10 pm,2575,9
2024-07-10,1 pm,9072,0
2024-07-10,4 pm,3411,7
2024-07-10,10 pm,754,5
2024-07-11,1 pm,2459,0
2024-07-11,4 pm,2925,5
2024-07-11,10 pm,4161,7
2024-07-12,1 pm,8574,1
2024-07-12,4 pm,4849,6
2024-07-12,10 pm,6723,2
2024-07-13,1 pm,5414,0
2024-07-13,4 pm,8253,8
2024-07-13,10 pm,2074,3
2024-07-14,1 pm,4567,8
2024-07-14,4 pm,8600,7
2024-07-14,10 pm,4541,6
2024-07-15,1 pm,4142,8
2024-07-15,4 pm,7023,1
2024-07-15,10 pm,1626,9
2024-07-16,1 pm,7546,2
2024-07-16,4 pm,5596,0
2024-07-16,10 pm,6875,1
2024-07-17,1 pm,4066,0
2024-07-17,4 pm,9810,3
2024-07-17,10 pm,2372,5
2024-07-18,1 pm,9149,7
2024-07-18,4 pm,8551,6
2024-07-18,10 pm,3340,8
2024-07-19,1 pm,3481,8
2024-07-19,4 pm,3307,0
2024-07-19,10 pm,5081,7
2024-07-20,1 pm,5867,9
2024-07-20,4 pm,358,8
2024-07-20,10 pm,3368,8
2024-07-21,1 pm,2552,3
2024-07-21,4 pm,7686,8
2024-07-21,10 pm,7678,2
2024-07-22,1 pm,3525,7
2024-07-22,4 pm,2650,0
2024-07-22,10 pm,646,9
2024-07-23,1 pm,1470,6
2024-07-23,4 pm,3250,3
2024-07-23,10 pm,3982,9
2024-07-24,1 pm,2432,7
2024-07-24,4 pm,9704,8
2024-07-24,10 pm,9641,0
2024-07-25,1 pm,2251,8
2024-07-25,4 pm,7953,1
2024-07-25,10 pm,6767,8
2024-07-26,1 pm,874,2
2024-07-26,4 pm,8989,3
2024-07-26,10 pm,2042,9
2024-07-27,1 pm,1855,8
2024-07-27,4 pm,7781,6
2024-07-27,10 pm,651,1
2024-07-29,1 pm,3109,0
2024-07-29,4 pm,8746,8
2024-07-30,1 pm,4202,6
2024-07-30,4 pm,7714,8
2024-07-30,10 pm,2456,3
2024-07-31,1 pm,9290,2
2024-07-31,4 pm,8621,9
2024-07-31,10 pm,5435,6
2024-08-01,1 pm,7765,2
2024-08-01,4 pm,7903,9
2024-08-01,10 pm,2572,4
2024-08-02,1 pm,8749,7
2024-08-02,4 pm,893,4
2024-08-02,10 pm,4480,1
2024-08-03,1 pm,7115,0
2024-08-03,4 pm,5196,4
2024-08-03,10 pm,5982,5
2024-08-04,1 pm,2667,7
2024-08-04,4 pm,1475,1
2024-08-04,10 pm,1243,2
2024-08-05,1 pm,61,3
2024-08-05,4 pm,7588,5
2024-08-05,10 pm,4681,6
2024-08-06,1 pm,4021,8
2024-08-06,4 pm,4338,8
2024-08-06,10 pm,1780,6
2024-08-07,1 pm,1029,5
2024-08-07,4 pm,8742,0
2024-08-07,10 pm,594,0
2024-08-08,1 pm,3774,5
2024-08-08,4 pm,3113,6
2024-08-08,10 pm,6511,6
2024-08-09,1 pm,1537,3
2024-08-09,4 pm,3822,0
2024-08-09,10 pm,7883,7
2024-08-10,1 pm,6951,1
2024-08-10,4 pm,4782,0
2024-08-10,10 pm,3483,8
2024-08-11,1 pm,2709,8
2024-08-11,4 pm,3824,5
2024-08-11,10 pm,8758,3
2024-08-12,1 pm,2498,9
2024-08-12,4 pm,2239,3
2024-08-12,10 pm,5091,9
2024-08-13,1 pm,6814,9
2024-08-13,4 pm,5940,2
2024-08-13,10 pm,8184,5
2024-08-14,1 pm,5164,4
2024-08-14,4 pm,2187,8
2024-08-14,10 pm,6874,4
2024-08-15,1 pm,7567,9
2024-08-15,4 pm,7038,5
2024-08-15,10 pm,2251,9
2024-08-16,1 pm,7157,3
2024-08-16,4 pm,3373,0
2024-08-16,10 pm,6447,4
2024-08-17,1 pm,8549,2
2024-08-17,4 pm,4794,3
2024-08-17,10 pm,3255,2
2024-08-18,1 pm,4499,6
2024-08-18,4 pm,5701,2
2024-08-18,10 pm,3255,5
2024-08-19,1 pm,8394,2
2024-08-19,4 pm,3524,9
2024-08-19,10 pm,1864,4
2024-08-20,1 pm,5669,4
2024-08-20,4 pm,4359,1
2024-08-20,10 pm,9027,4
2024-08-21,1 pm,6153,2
2024-08-21,4 pm,1385,8
2024-08-21,10 pm,8317,4
2024-08-22,1 pm,4386,4
2024-08-22,4 pm,3962,7
2024-08-22,10 pm,6415,9
2024-08-23,1 pm,8991,2
2024-08-23,4 pm,2357,3
2024-08-23,10 pm,3371,0
2024-08-24,1 pm,256,5
2024-08-24,4 pm,1719,2
2024-08-24,10 pm,3747,9
2024-08-25,1 pm,1499,2
2024-08-25,4 pm,576,7
2024-08-25,10 pm,5340,4
2024-08-26,1 pm,8398,0
2024-08-26,4 pm,6294,7
2024-08-26,10 pm,3727,0
2024-08-27,1 pm,7639,5
2024-08-27,4 pm,4212,3
2024-08-27,10 pm,6013,0
2024-08-28,1 pm,5309,2
2024-08-28,4 pm,5722,2
2024-08-28,10 pm,6622,0
2024-08-29,1 pm,2709,8
2024-08-29,4 pm,2582,6
2024-08-29,10 pm,6192,4
2024-08-30,1 pm,8429,1
2024-08-30,4 pm,3457,6
2024-08-30,10 pm,3545,5
2024-08-31,1 pm,9696,2
2024-08-31,4 pm,7236,1
2024-08-31,10 pm,8691,5
2024-09-01,1 pm,7467,3
2024-09-01,4 pm,4766,6
2024-09-01,10 pm,724,9
2024-09-02,1 pm,8658,6
2024-09-02,4 pm,1625,4
2024-09-02,10 pm,7122,3
2024-09-03,1 pm,2318,8
2024-09-03,4 pm,6517,5
2024-09-03,10 pm,3201,3
2024-09-04,1 pm,8624,8
2024-09-04,4 pm,889,5
2024-09-04,10 pm,8711,4
2024-09-05,1 pm,956,5
2024-09-05,4 pm,4850,2
2024-09-05,10 pm,2899,1
2024-09-06,1 pm,5468,0
2024-09-06,4 pm,8245,6
2024-09-06,10 pm,8353,0
2024-09-07,1 pm,8209,2
2024-09-07,4 pm,1800,2
2024-09-07,10 pm,4055,9
2024-09-08,1 pm,4181,2
2024-09-08,4 pm,671,2
2024-09-08,10 pm,228,3
2024-09-09,1 pm,1722,6
2024-09-09,4 pm,8362,4
2024-09-09,10 pm,7964,5
2024-09-10,1 pm,203,1
2024-09-10,4 pm,3923,7
2024-09-10,10 pm,2836,8
2024-09-11,1 pm,5138,6
2024-09-11,4 pm,618,9
2024-09-11,10 pm,8115,9
2024-09-12,1 pm,3059,4
2024-09-12,4 pm,470,8
2024-09-12,10 pm,1711,5
2024-09-13,1 pm,2427,7
2024-09-13,4 pm,6304,3
2024-09-13,10 pm,5880,6
2024-09-14,1 pm,7244,7
2024-09-14,4 pm,7601,0
2024-09-14,10 pm,5865,5
2024-09-15,1 pm,8659,7
2024-09-15,4 pm,7601,2
2024-09-15,10 pm,4275,8
2024-09-16,1 pm,9670,1
2024-09-16,4 pm,832,9
2024-09-16,10 pm,9796,0
2024-09-17,1 pm,3829,9
2024-09-17,4 pm,836,5
2024-09-17,10 pm,2636,5
2024-09-18,1 pm,6314,9
2024-09-18,4 pm,7423,4
2024-09-18,10 pm,9232,2
2024-09-19,1 pm,4462,3
2024-09-19,4 pm,5481,0
2024-09-19,10 pm,9674,9
2024-09-20,1 pm,9359,2
2024-09-20,4 pm,6938,8
2024-09-20,10 pm,3196,9
2024-09-21,1 pm,7127,4
2024-09-21,4 pm,7493,1
2024-09-21,10 pm,9976,8
2024-09-22,1 pm,1810,2
2024-09-22,4 pm,9335,2
2024-09-22,10 pm,6830,2
2024-09-23,1 pm,3419,2
2024-09-23,4 pm,1175,7
2024-09-23,10 pm,4735,6
2024-09-24,1 pm,6330,2
2024-09-24,4 pm,4877,4
2024-09-24,10 pm,8261,9
2024-09-25,1 pm,1815,8
2024-09-25,4 pm,800,2
2024-09-25,10 pm,1394,4
2024-09-26,1 pm,2918,7
2024-09-26,4 pm,7211,1
2024-09-26,10 pm,8377,2
2024-09-27,1 pm,2138,4
2024-09-27,4 pm,5495,1
2024-09-27,10 pm,8994,5
2024-09-28,1 pm,5664,4
2024-09-28,4 pm,7059,8
2024-09-28,10 pm,1654,7
2024-09-29,1 pm,5290,2
2024-09-29,4 pm,2517,6
2024-09-29,10 pm,2728,8
2024-09-30,1 pm,2529,2
2024-09-30,4 pm,9695,3
2024-09-30,10 pm,7817,2
2024-10-01,1 pm,5556,4
2024-10-01,4 pm,8287,7
2024-10-01,10 pm,7475,2
2024-10-02,1 pm,237,8
2024-10-02,4 pm,4629,6
2024-10-02,10 pm,3795,9
2024-10-03,1 pm,5200,5
2024-10-03,4 pm,9631,6
2024-10-03,10 pm,1517,6
2024-10-04,1 pm,6004,1
2024-10-04,4 pm,4925,3
2024-10-04,10 pm,1087,6
2024-10-05,1 pm,5770,7
2024-10-05,4 pm,8259,4
2024-10-05,10 pm,7515,4
2024-10-06,1 pm,7995,4
2024-10-06,4 pm,4099,5
2024-10-06,10 pm,155,7
2024-10-07,1 pm,9130,8
2024-10-07,4 pm,3583,5
2024-10-07,10 pm,9069,4
2024-10-08,1 pm,2652,4
2024-10-08,4 pm,3200,0
2024-10-08,10 pm,5793,8
2024-10-09,1 pm,6367,7
2024-10-09,4 pm,1753,4
2024-10-09,10 pm,1825,9
2024-10-10,1 pm,5794,2
2024-10-10,4 pm,893,8
2024-10-10,10 pm,8737,7
2024-10-11,1 pm,1788,3
2024-10-11,4 pm,1130,3
2024-10-11,10 pm,3658,5
2024-10-12,1 pm,5242,5
2024-10-12,4 pm,4264,3
2024-10-12,10 pm,3098,8
2024-10-13,1 pm,2536,2
2024-10-13,4 pm,7928,3
2024-10-13,10 pm,7637,5
2024-10-14,1 pm,1960,4
2024-10-14,4 pm,739,8
2024-10-14,10 pm,2354,3
2024-10-15,1 pm,2659,2
2024-10-15,4 pm,3325,7
2024-10-15,10 pm,4867,4
2024-10-16,1 pm,7326,7
2024-10-16,4 pm,1151,3
2024-10-16,10 pm,8415,1
2024-10-17,1 pm,2655,5
2024-10-17,4 pm,7296,8
2024-10-17,10 pm,9712,7
2024-10-18,1 pm,7271,5
2024-10-18,4 pm,4927,8
2024-10-18,10 pm,5190,0
2024-10-19,1 pm,1525,5
2024-10-19,4 pm,5859,9
2024-10-19,10 pm,4900,7
2024-10-20,1 pm,2315,6
2024-10-20,4 pm,5014,2
2024-10-20,10 pm,3552,5
2024-10-21,1 pm,4923,6
2024-10-21,4 pm,2675,6
2024-10-21,10 pm,827,5
2024-10-22,1 pm,2159,2
2024-10-22,4 pm,2259,0
2024-10-22,10 pm,2259,4
2024-10-23,1 pm,332,7
2024-10-23,4 pm,5376,9
2024-10-23,10 pm,6638,7
2024-10-24,1 pm,5503,2
2024-10-24,4 pm,734,0
2024-10-24,10 pm,5916,8
2024-10-25,1 pm,7525,6
2024-10-25,4 pm,2033,7
2024-10-25,10 pm,8144,6
2024-10-26,1 pm,980,6
2024-10-26,4 pm,5169,0
2024-10-26,10 pm,4959,1
2024-10-27,1 pm,8880,9
2024-10-27,4 pm,9751,5
2024-10-27,10 pm,9262,7
2024-10-28,1 pm,766,6
2024-10-28,4 pm,8863,0
2024-10-28,10 pm,6661,9
2024-10-29,1 pm,8948,4
2024-10-29,4 pm,7030,0
2024-10-29,10 pm,2411,2
2024-10-30,1 pm,3626,0
2024-10-30,4 pm,9431,1
2024-10-30,10 pm,1742,8
2024-10-31,1 pm,9891,2
2024-10-31,4 pm,6199,7
2024-10-31,10 pm,2273,5
2024-11-01,1 pm,5897,5
2024-11-01,4 pm,1105,5
2024-11-01,10 pm,4037,9
2024-11-02,1 pm,9828,1
2024-11-02,4 pm,2887,6
2024-11-02,10 pm,8785,3
2024-11-03,1 pm,5057,4
2024-11-03,4 pm,773,3
2024-11-03,10 pm,4991,8
2024-11-04,1 pm,5458,4
2024-11-04,4 pm,181,5
2024-11-04,10 pm,8477,7
2024-11-05,1 pm,5229,7
2024-11-05,4 pm,2882,0
2024-11-05,10 pm,8283,0
2024-11-06,1 pm,956,3
2024-11-06,4 pm,6054,5
2024-11-06,10 pm,1426,0
2024-11-07,1 pm,1770,3
2024-11-07,4 pm,5057,1
2024-11-07,10 pm,3596,6
2024-11-08,1 pm,9437,8
2024-11-08,4 pm,4667,8
2024-11-08,10 pm,807,6
2024-11-09,1 pm,8725,5
2024-11-09,4 pm,1473,1
2024-11-09,10 pm,6870,2
2024-11-10,1 pm,5632,6
2024-11-10,4 pm,7928,4
2024-11-10,10 pm,9270,4
2024-11-11,1 pm,8403,7
2024-11-11,4 pm,6413,7
2024-11-11,10 pm,4681,5
2024-11-12,1 pm,7766,9
2024-11-12,4 pm,3650,8
2024-11-12,10 pm,965,6
2024-11-13,1 pm,8039,8
2024-11-13,4 pm,627,9
2024-11-13,10 pm,3415,0
2024-11-14,1 pm,3004,2
2024-11-14,4 pm,808,3
2024-11-14,10 pm,4274,6
2024-11-15,1 pm,680,9
2024-11-15,4 pm,4579,1
2024-11-15,10 pm,4047,3
2024-11-16,1 pm,1918,5
2024-11-16,4 pm,6190,0
2024-11-16,10 pm,4581,6
2024-11-17,1 pm,1701,4
2024-11-17,4 pm,6342,8
2024-11-17,10 pm,9984,7
2024-11-18,1 pm,1029,8
2024-11-18,4 pm,8264,6
2024-11-18,10 pm,7202,3
2024-11-19,1 pm,5144,6
2024-11-19,4 pm,7618,1
2024-11-19,10 pm,9719,4
2024-11-20,1 pm,6321,5
2024-11-20,4 pm,4503,0
2024-11-20,10 pm,6560,8
2024-11-21,1 pm,7151,0
2024-11-21,4 pm,1077,1
2024-11-21,10 pm,6859,0
2024-11-22,1 pm,8516,4
2024-11-22,4 pm,5191,2
2024-11-22,10 pm,9157,7
2024-11-23,1 pm,9414,7
2024-11-23,4 pm,9176,9
2024-11-23,10 pm,6877,0
2024-11-24,1 pm,7447,0
2024-11-24,4 pm,2375,2
2024-11-24,10 pm,4913,0
2024-11-25,1 pm,2286,0
2024-11-25,4 pm,200,0
2024-11-25,10 pm,1867,1
2024-11-26,1 pm,5744,8
2024-11-26,4 pm,9571,2
2024-11-26,10 pm,7190,3
2024-11-27,1 pm,2232,2
2024-11-27,4 pm,6936,4
2024-11-27,10 pm,8515,8
2024-11-28,1 pm,1082,6
2024-11-28,4 pm,6874,3
2024-11-28,10 pm,6994,1
2024-11-29,1 pm,7374,8
2024-11-29,4 pm,1089,2
2024-11-29,10 pm,5284,1
2024-11-30,1 pm,8130,8
2024-11-30,4 pm,5687,2
2024-11-30,10 pm,8474,3
2024-12-01,1 pm,7514,3
2024-12-01,4 pm,3927,3
2024-12-01,10 pm,5386,3
2024-12-02,1 pm,8291,4
2024-12-02,4 pm,790,1
2024-12-02,10 pm,2553,0
2024-12-03,1 pm,7792,9
2024-12-03,4 pm,8033,2
2024-12-03,10 pm,9857,2
2024-12-04,1 pm,6008,1
2024-12-04,4 pm,9191,8
2024-12-04,10 pm,2821,5
2024-12-05,1 pm,5479,0
2024-12-05,4 pm,2232,7
2024-12-05,10 pm,3101,6
2024-12-06,1 pm,4383,9
2024-12-06,4 pm,9366,1
2024-12-06,10 pm,4795,7
2024-12-07,1 pm,1717,4
2024-12-07,4 pm,3654,4
2024-12-07,10 pm,6237,1
2024-12-08,1 pm,4263,1
2024-12-08,4 pm,6512,8
2024-12-08,10 pm,3507,7
2024-12-09,1 pm,6108,7
2024-12-09,4 pm,4525,6
2024-12-09,10 pm,8062,6
2024-12-10,1 pm,4145,1
2024-12-10,4 pm,3027,0
2024-12-10,10 pm,8284,6
2024-12-11,1 pm,7418,5
2024-12-11,4 pm,9802,1
2024-12-11,10 pm,8894,0
2024-12-12,1 pm,8515,0
2024-12-12,4 pm,7966,1
2024-12-12,10 pm,8224,6
2024-12-13,1 pm,1966,5
2024-12-13,4 pm,6726,7
2024-12-13,10 pm,4387,5
2024-12-14,1 pm,9233,4
2024-12-14,4 pm,148,2
2024-12-14,10 pm,2953,5
2024-12-15,1 pm,7743,4
2024-12-15,4 pm,8448,9
2024-12-15,10 pm,3225,6
2024-12-16,1 pm,1697,4
2024-12-16,4 pm,9963,9
2024-12-16,10 pm,2599,3
2024-12-17,1 pm,1981,2
2024-12-17,4 pm,1842,5
2024-12-17,10 pm,2427,7
2024-12-18,1 pm,674,2
2024-12-18,4 pm,3417,1
2024-12-18,10 pm,4211,1
2024-12-19,1 pm,9990,8
2024-12-19,4 pm,3325,7
2024-12-19,10 pm,9634,2
2024-12-20,1 pm,97,9
2024-12-20,4 pm,7460,9
2024-12-20,10 pm,6886,1
2024-12-21,1 pm,3488,4
2024-12-21,4 pm,9643,6
2024-12-21,10 pm,813,6
2024-12-22,1 pm,2840,8
2024-12-22,4 pm,9479,4
2024-12-22,10 pm,3950,0
2024-12-23,1 pm,8003,5
2024-12-23,4 pm,8155,1
2024-12-23,10 pm,7991,6
2024-12-24,1 pm,2556,8
2024-12-26,1 pm,5877,0
2024-12-26,4 pm,5556,2
2024-12-26,10 pm,3054,0
2024-12-27,1 pm,9481,1
2024-12-27,4 pm,4403,2
2024-12-27,10 pm,559,7
2024-12-28,1 pm,4352,5
2024-12-28,4 pm,9555,5
2024-12-28,10 pm,1156,5
2024-12-29,1 pm,9771,2
2024-12-29,4 pm,4473,9
2024-12-29,10 pm,4128,6
2024-12-30,1 pm,5687,8
2024-12-30,4 pm,6579,1
2024-12-30,10 pm,6394,5
2024-12-31,1 pm,173,6
2025-01-02,1 pm,2962,2
2025-01-02,4 pm,1039,4
2025-01-02,10 pm,8390,0
2025-01-03,1 pm,7317,0
2025-01-03,4 pm,4867,6
2025-01-03,10 pm,8427,6
2025-01-04,1 pm,731,2
2025-01-04,4 pm,8574,1
2025-01-04,10 pm,4395,3
2025-01-05,1 pm,5403,5
2025-01-05,4 pm,7378,3
2025-01-05,10 pm,922,0
2025-01-06,1 pm,6613,2
2025-01-06,4 pm,4046,9
2025-01-06,10 pm,4185,9
2025-01-07,1 pm,8300,0
2025-01-07,4 pm,5939,6
2025-01-07,10 pm,7814,9
2025-01-08,1 pm,2800,0
2025-01-08,4 pm,5876,7
2025-01-08,10 pm,6505,6
2025-01-09,1 pm,9248,3
2025-01-09,4 pm,9622,3
2025-01-09,10 pm,5340,5
2025-01-10,1 pm,7903,1
2025-01-10,4 pm,2140,4
2025-01-10,10 pm,1731,0
2025-01-11,1 pm,8794,0
2025-01-11,4 pm,3366,6
2025-01-11,10 pm,4317,0
2025-01-12,1 pm,7344,1
2025-01-12,4 pm,7117,7
2025-01-12,10 pm,8994,6
2025-01-13,1 pm,1421,9
2025-01-13,4 pm,4232,9
2025-01-13,10 pm,1230,2
2025-01-14,1 pm,2168,3
2025-01-14,4 pm,1745,2
2025-01-14,10 pm,1464,7
2025-01-15,1 pm,7166,9
2025-01-15,4 pm,2581,4
2025-01-15,10 pm,2800,7
2025-01-16,1 pm,778,6
2025-01-16,4 pm,4952,6
2025-01-16,10 pm,7218,7
2025-01-17,1 pm,6070,7
2025-01-17,4 pm,6550,7
2025-01-17,10 pm,2288,8
2025-01-18,1 pm,9340,8
2025-01-18,4 pm,7717,4
2025-01-18,10 pm,6068,1
2025-01-19,1 pm,275,6
2025-01-19,4 pm,2875,1
2025-01-19,10 pm,2612,7
2025-01-20,1 pm,7314,4
2025-01-20,4 pm,4416,1
2025-01-20,10 pm,713,2
2025-01-21,1 pm,6035,4
2025-01-21,4 pm,2109,3
2025-01-21,10 pm,2081,5
2025-01-22,1 pm,1720,9
2025-01-22,4 pm,9890,6
2025-01-22,10 pm,1013,3
2025-01-23,1 pm,3338,3
2025-01-23,4 pm,2594,7
2025-01-23,10 pm,9536,0
2025-01-24,1 pm,8495,2
2025-01-24,4 pm,2830,5
2025-01-24,10 pm,1819,1
2025-01-25,1 pm,7140,4
2025-01-25,4 pm,6746,2
2025-01-25,10 pm,5705,5
2025-01-26,1 pm,4503,6
2025-01-26,4 pm,3595,5
2025-01-26,10 pm,6252,5
2025-01-27,1 pm,6142,6
2025-01-27,4 pm,4042,1
2025-01-27,10 pm,9965,9
2025-01-28,1 pm,6975,5
2025-01-28,4 pm,1222,6
2025-01-28,10 pm,6073,5
2025-01-29,1 pm,4592,1
2025-01-29,4 pm,6847,5
2025-01-29,10 pm,226,4
2025-01-30,1 pm,4254,2
2025-01-30,4 pm,3271,4
2025-01-30,10 pm,3462,4
2025-01-31,1 pm,8684,1
2025-01-31,4 pm,936,9
2025-01-31,10 pm,4684,2
2025-02-01,1 pm,4476,7
2025-02-01,4 pm,6125,8
2025-02-01,10 pm,4983,4
2025-02-02,1 pm,6082,5
2025-02-02,4 pm,2629,6
2025-02-02,10 pm,9625,8
2025-02-03,1 pm,5388,5
2025-02-03,4 pm,8117,4
2025-02-03,10 pm,9220,4
2025-02-04,1 pm,1922,0
2025-02-04,4 pm,7167,1
2025-02-04,10 pm,8870,4
2025-02-05,1 pm,3544,9
2025-02-05,4 pm,1432,0
2025-02-05,10 pm,5637,2
2025-02-06,1 pm,9396,6
2025-02-06,4 pm,320,4
2025-02-06,10 pm,1320,7
2025-02-07,1 pm,8693,0
2025-02-07,4 pm,5339,3
2025-02-07,10 pm,3919,2
2025-02-08,1 pm,4805,8
2025-02-08,4 pm,6271,9
2025-02-08,10 pm,4591,5
2025-02-09,1 pm,7613,2
2025-02-09,4 pm,4543,0
2025-02-09,10 pm,8851,3
2025-02-10,1 pm,8923,0
2025-02-10,4 pm,3743,9
2025-02-10,10 pm,9753,2
2025-02-11,1 pm,7744,9
2025-02-11,4 pm,6693,4
2025-02-11,10 pm,7785,5
2025-02-12,1 pm,9659,9
2025-02-12,4 pm,5183,7
2025-02-12,10 pm,4606,8
2025-02-13,1 pm,479,0
2025-02-13,4 pm,5656,6
2025-02-13,10 pm,9347,2
2025-02-14,1 pm,1454,2
2025-02-14,4 pm,278,5
2025-02-14,10 pm,9754,2
2025-02-15,1 pm,6308,9
2025-02-15,4 pm,1138,3
2025-02-15,10 pm,6477,3
2025-02-16,1 pm,5280,1
2025-02-16,4 pm,4672,9
2025-02-16,10 pm,8367,5
2025-02-17,1 pm,3839,7
2025-02-17,4 pm,2076,7
2025-02-17,10 pm,4421,7
2025-02-18,1 pm,5293,5
2025-02-18,4 pm,6097,8
2025-02-18,10 pm,3823,5
2025-02-19,1 pm,8020,9
2025-02-19,4 pm,2964,8
2025-02-19,10 pm,6214,6
2025-02-20,1 pm,6526,9
2025-02-20,4 pm,494,4
2025-02-20,10 pm,2245,9
2025-02-21,1 pm,9212,0
2025-02-21,4 pm,3964,1
2025-02-21,10 pm,7648,8
2025-02-22,1 pm,235,5
2025-02-22,4 pm,1149,8
2025-02-22,10 pm,8993,5
2025-02-23,1 pm,4674,1
2025-02-23,4 pm,8720,1
2025-02-23,10 pm,9054,2
2025-02-24,1 pm,8218,6
2025-02-24,4 pm,425,3
2025-02-24,10 pm,6026,4
2025-02-25,1 pm,324,7
2025-02-25,4 pm,9142,6
2025-02-25,10 pm,8218,8
2025-02-26,1 pm,3889,5
2025-02-26,4 pm,7100,0
2025-02-26,10 pm,2106,8
2025-02-27,1 pm,796,6
2025-02-27,4 pm,7546,6
2025-02-27,10 pm,3631,5
2025-02-28,1 pm,1947,4
2025-02-28,4 pm,5479,5
2025-02-28,10 pm,1811,7
2025-03-01,1 pm,7329,5
2025-03-01,4 pm,1643,8
2025-03-01,10 pm,2926,6
2025-03-02,1 pm,4627,3
2025-03-02,4 pm,5812,4
2025-03-02,10 pm,7445,1
2025-03-03,1 pm,1883,1
2025-03-03,4 pm,9848,2
2025-03-03,10 pm,3725,9
2025-03-04,1 pm,4186,8
2025-03-04,4 pm,1032,7
2025-03-04,10 pm,1263,7
2025-03-05,1 pm,2794,4
2025-03-05,4 pm,2489,6
2025-03-05,10 pm,7784,2
2025-03-06,1 pm,4519,9
2025-03-06,4 pm,8687,5
2025-03-06,10 pm,202,9
2025-03-07,1 pm,3691,2
2025-03-07,4 pm,3962,3
2025-03-07,10 pm,770,8
2025-03-08,1 pm,2049,2
2025-03-08,4 pm,924,2
2025-03-08,10 pm,606,9
2025-03-09,1 pm,1199,6
2025-03-09,4 pm,8729,3
2025-03-09,10 pm,4784,6
2025-03-10,1 pm,1843,9
2025-03-10,4 pm,6897,5
2025-03-10,10 pm,5628,3
2025-03-11,1 pm,6068,4
2025-03-11,4 pm,6124,0
2025-03-11,10 pm,2227,5
2025-03-12,1 pm,9637,1
2025-03-12,4 pm,6352,1
2025-03-12,10 pm,9834,3
2025-03-13,1 pm,9613,1
2025-03-13,4 pm,3849,4
2025-03-13,10 pm,1773,3
2025-03-14,1 pm,4194,1
2025-03-14,4 pm,1550,2
2025-03-14,10 pm,1502,5
2025-03-15,1 pm,9101,9
2025-03-15,4 pm,831,3
2025-03-15,10 pm,6169,0
2025-03-16,1 pm,7891,0
2025-03-16,4 pm,3159,3
2025-03-16,10 pm,5245,2
2025-03-17,1 pm,2321,3
2025-03-17,4 pm,4830,0
2025-03-17,10 pm,2768,8
2025-03-18,1 pm,2331,1
2025-03-18,4 pm,5211,4
2025-03-18,10 pm,7426,5
2025-03-19,1 pm,1163,7
2025-03-19,4 pm,2711,0
2025-03-19,10 pm,5057,6
2025-03-20,1 pm,3283,9
2025-03-20,4 pm,7784,4
2025-03-20,10 pm,7009,0
2025-03-21,1 pm,2332,1
2025-03-21,4 pm,3532,6
2025-03-21,10 pm,1335,5
2025-03-22,1 pm,9942,5
2025-03-22,4 pm,8661,8
2025-03-22,10 pm,2640,0
2025-03-23,1 pm,3221,5
2025-03-23,4 pm,3862,3
2025-03-23,10 pm,8186,3
2025-03-24,1 pm,4117,0
2025-03-24,4 pm,6578,8
2025-03-24,10 pm,7862,8
2025-03-26,1 pm,1566,9
2025-03-26,4 pm,7730,9
2025-03-26,10 pm,8873,0
2025-03-27,1 pm,381,7
2025-03-27,4 pm,1632,7
2025-03-27,10 pm,7449,4
2025-03-28,1 pm,6307,6
2025-03-28,4 pm,7237,4
2025-03-28,10 pm,7210,4
2025-03-29,1 pm,1341,7
2025-03-29,4 pm,2381,2
2025-03-29,10 pm,7389,1
2025-03-30,1 pm,1598,8
2025-03-30,4 pm,1334,6
2025-03-30,10 pm,5059,6
2025-03-31,1 pm,9994,4
2025-03-31,4 pm,6427,0
2025-03-31,10 pm,3023,6
2025-04-01,1 pm,9796,1
2025-04-01,4 pm,1610,7
2025-04-01,10 pm,5002,7
2025-04-02,1 pm,8638,6
2025-04-02,4 pm,6248,9
2025-04-02,10 pm,2761,4
2025-04-03,1 pm,59,1
2025-04-03,4 pm,1643,4
2025-04-03,10 pm,4351,5
2025-04-04,1 pm,3144,2
2025-04-04,4 pm,8391,0
2025-04-04,10 pm,4749,5
2025-04-05,1 pm,3612,6
2025-04-05,4 pm,2404,2
2025-04-05,10 pm,1637,0
2025-04-06,1 pm,1047,0
2025-04-06,4 pm,5881,0
2025-04-06,10 pm,5859,5
2025-04-07,1 pm,8657,3
2025-04-07,4 pm,5156,3
2025-04-07,10 pm,2420,2
2025-04-08,1 pm,3521,5
2025-04-08,4 pm,3455,8
2025-04-08,10 pm,3916,8
2025-04-09,1 pm,2066,2
2025-04-09,4 pm,104,5
2025-04-09,10 pm,9168,8
2025-04-10,1 pm,6528,9
2025-04-10,4 pm,7288,3
2025-04-10,10 pm,7830,8
2025-04-11,1 pm,4527,4
2025-04-11,4 pm,9167,3
2025-04-11,10 pm,8454,4
2025-04-12,1 pm,1108,8
2025-04-12,4 pm,8826,8
2025-04-12,10 pm,267,9
2025-04-13,1 pm,7083,5
2025-04-13,4 pm,5205,2
2025-04-13,10 pm,8089,2
2025-04-14,1 pm,4891,3
2025-04-14,4 pm,4934,4
2025-04-14,10 pm,5985,8
2025-04-15,1 pm,5599,3
2025-04-15,4 pm,2185,4
2025-04-15,10 pm,9194,3
2025-04-16,1 pm,6456,1
2025-04-16,4 pm,1218,9
2025-04-16,10 pm,4468,5
2025-04-19,1 pm,206,3
2025-04-19,4 pm,7699,5
2025-04-19,10 pm,3351,3
2025-04-20,1 pm,7375,4
2025-04-20,4 pm,2265,3
2025-04-20,10 pm,4860,8
2025-04-21,1 pm,9055,4
2025-04-21,4 pm,2371,8
2025-04-21,10 pm,3873,7
2025-04-22,1 pm,3006,0
2025-04-22,4 pm,6024,9
2025-04-22,10 pm,9657,6
2025-04-23,1 pm,5203,3
2025-04-23,4 pm,6016,8
2025-04-23,10 pm,3284,8
2025-04-24,1 pm,2153,4
2025-04-24,4 pm,2049,0
2025-04-24,10 pm,9313,6
2025-04-25,1 pm,1404,8
2025-04-25,4 pm,2506,7
2025-04-25,10 pm,270,6
2025-04-26,1 pm,6840,3
2025-04-26,4 pm,5475,1
2025-04-26,10 pm,5292,9
2025-04-27,1 pm,3422,2
2025-04-27,4 pm,1083,9
2025-04-27,10 pm,2497,0
2025-04-28,1 pm,1265,9
2025-04-28,4 pm,3478,2
2025-04-28,10 pm,174,7
2025-04-29,1 pm,5417,7
2025-04-29,4 pm,2542,4
2025-04-29,10 pm,1291,3
2025-04-30,1 pm,3909,5
2025-04-30,4 pm,9359,2
2025-04-30,10 pm,7823,6
2025-05-01,1 pm,4392,1
2025-05-01,4 pm,6131,5
2025-05-01,10 pm,9064,1
2025-05-02,1 pm,1071,8
2025-05-02,4 pm,9785,7
2025-05-02,10 pm,226,0
2025-05-03,1 pm,8438,0
2025-05-03,4 pm,9233,2
2025-05-03,10 pm,24,1
2025-05-04,1 pm,881,0
2025-05-04,4 pm,5958,8
2025-05-04,10 pm,3578,7
2025-05-05,1 pm,168,2
2025-05-05,4 pm,5040,6
2025-05-05,10 pm,647,3
2025-05-06,1 pm,5258,9
2025-05-06,4 pm,9448,4
2025-05-06,10 pm,4312,7
2025-05-07,1 pm,3208,3
2025-05-07,4 pm,3591,8
2025-05-07,10 pm,4352,5
2025-05-08,1 pm,1407,1
2025-05-08,4 pm,2316,3
2025-05-08,10 pm,4211,7
2025-05-09,1 pm,6789,8
2025-05-09,4 pm,8711,0
2025-05-09,10 pm,5668,9
2025-05-10,1 pm,2108,7
2025-05-10,4 pm,6753,9
2025-05-10,10 pm,2577,6
2025-05-11,1 pm,5202,1
2025-05-11,4 pm,3824,5
2025-05-11,10 pm,9052,1
2025-05-12,1 pm,9112,6
2025-05-12,4 pm,308,4
2025-05-12,10 pm,231,4
2025-05-13,1 pm,2290,5
2025-05-13,4 pm,4512,3
2025-05-13,10 pm,6255,3
2025-05-14,1 pm,6633,4
2025-05-14,4 pm,4319,7
2025-05-14,10 pm,5103,9
2025-05-15,1 pm,1973,9
2025-05-15,4 pm,2099,0
2025-05-15,10 pm,4766,8
2025-05-16,1 pm,181,6
2025-05-16,4 pm,2549,0
2025-05-16,10 pm,8334,1
2025-05-17,1 pm,1240,0
2025-05-17,4 pm,7530,7
2025-05-17,10 pm,7743,9
2025-05-18,1 pm,872,6
2025-05-18,4 pm,3019,5
2025-05-18,10 pm,549,2
2025-05-19,1 pm,4642,7
2025-05-19,4 pm,8221,9
2025-05-19,10 pm,1562,1
2025-05-20,1 pm,3447,3
2025-05-20,4 pm,1740,2
2025-05-20,10 pm,462,1
2025-05-21,1 pm,9950,4
2025-05-21,4 pm,4429,8
2025-05-21,10 pm,9307,5
2025-05-22,1 pm,3188,9
2025-05-22,4 pm,8826,0
2025-05-22,10 pm,2286,0
2025-05-23,1 pm,1444,4
2025-05-23,4 pm,8196,1
2025-05-23,10 pm,9380,0
2025-05-24,1 pm,7401,7
2025-05-24,4 pm,9196,9
2025-05-24,10 pm,5430,0
2025-05-26,1 pm,7181,1
2025-05-26,4 pm,9799,4
2025-05-26,10 pm,2041,7
2025-05-27,1 pm,4390,0
2025-05-27,4 pm,4736,8
2025-05-27,10 pm,19,9
2025-05-28,1 pm,7000,7
2025-05-28,4 pm,5273,7
2025-05-28,10 pm,9070,7
2025-05-29,1 pm,7553,2
2025-05-29,4 pm,3757,5
2025-05-29,10 pm,1655,7
2025-05-30,1 pm,5910,5
2025-05-30,4 pm,839,2
2025-05-30,10 pm,2510,4
2025-05-31,1 pm,446,6
2025-05-31,4 pm,628,7
2025-05-31,10 pm,4619,5
2025-06-01,1 pm,7157,4
2025-06-01,4 pm,8425,7
2025-06-01,10 pm,8380,2
2025-06-02,1 pm,3122,5
2025-06-02,4 pm,8705,7
2025-06-02,10 pm,8145,8
2025-06-03,1 pm,3987,9
2025-06-03,4 pm,195,7
2025-06-03,10 pm,6130,2
2025-06-04,1 pm,8132,0
2025-06-04,4 pm,2545,6
2025-06-04,10 pm,1700,0
2025-06-05,1 pm,3725,1
2025-06-05,4 pm,2535,6
2025-06-05,10 pm,4638,1
2025-06-06,1 pm,4422,9
2025-06-06,4 pm,2115,3
2025-06-06,10 pm,4983,3
2025-06-07,1 pm,5876,1
2025-06-07,4 pm,8253,8
2025-06-07,10 pm,2599,4
2025-06-08,1 pm,5661,7
2025-06-08,4 pm,3426,6
2025-06-08,10 pm,4118,7
2025-06-09,1 pm,1105,5
2025-06-09,4 pm,2302,1
2025-06-09,10 pm,9566,7
2025-06-10,1 pm,8395,2
2025-06-10,4 pm,537,3
2025-06-10,10 pm,8711,2
2025-06-11,1 pm,8872,8
2025-06-11,4 pm,9044,2
2025-06-11,10 pm,6632,9
2025-06-12,1 pm,3460,7
2025-06-12,4 pm,7358,8
2025-06-12,10 pm,7754,4
2025-06-13,1 pm,2395,2
2025-06-13,4 pm,8773,3
2025-06-13,10 pm,8580,5
2025-06-14,1 pm,2956,8
2025-06-14,4 pm,1675,1
2025-06-14,10 pm,8556,3
2025-06-15,1 pm,3185,8
2025-06-15,4 pm,7278,2
2025-06-15,10 pm,5484,6
2025-06-16,1 pm,4003,6
2025-06-16,4 pm,7770,3
2025-06-16,10 pm,9133,1
2025-06-17,1 pm,2692,8
2025-06-17,4 pm,5694,0
2025-06-17,10 pm,451,9
2025-06-18,1 pm,3637,6
2025-06-18,4 pm,1873,6
2025-06-18,10 pm,1913,2
2025-06-19,1 pm,7614,0
2025-06-19,4 pm,3435,5
2025-06-19,10 pm,9497,8
2025-06-20,1 pm,4163,9
2025-06-20,4 pm,8684,0
2025-06-20,10 pm,7833,9
2025-06-21,1 pm,6546,9
2025-06-21,4 pm,4836,7
2025-06-21,10 pm,2394,4
2025-06-22,1 pm,7848,2
2025-06-22,4 pm,3246,2
2025-06-22,10 pm,6107,1
2025-06-23,1 pm,402,2
2025-06-23,4 pm,2232,7
2025-06-23,10 pm,1765,8
2025-06-24,1 pm,4079,7
2025-06-24,4 pm,4090,9
2025-06-24,10 pm,6443,4
2025-06-25,1 pm,2525,8
2025-06-25,4 pm,36,0
2025-06-25,10 pm,9741,6
2025-06-26,1 pm,7476,8
2025-06-26,4 pm,7825,1
2025-06-26,10 pm,7290,3
2025-06-27,1 pm,7250,6
2025-06-27,4 pm,8332,5
2025-06-27,10 pm,9177,9
2025-06-28,1 pm,2111,8
2025-06-28,4 pm,4003,6
2025-06-28,10 pm,9213,4
2025-06-29,1 pm,8383,1
2025-06-29,4 pm,1630,1
2025-06-29,10 pm,1789,1
2025-06-30,1 pm,6104,1
2025-06-30,4 pm,9802,0
2025-06-30,10 pm,8539,8
2025-07-01,1 pm,4651,4
2025-07-01,4 pm,7018,3
2025-07-01,10 pm,4260,5
2025-07-02,1 pm,5260,7
2025-07-02,4 pm,3905,2
2025-07-02,10 pm,1802,3
2025-07-03,1 pm,1464,4
2025-07-03,4 pm,8072,6
2025-07-03,10 pm,36,2
2025-07-04,1 pm,9117,7
2025-07-04,4 pm,4209,7
2025-07-04,10 pm,9530,8
2025-07-05,1 pm,807,6
2025-07-05,4 pm,2213,8
2025-07-05,10 pm,5639,9
2025-07-06,1 pm,1560,5
2025-07-06,4 pm,2193,8
2025-07-06,10 pm,2553,2
2025-07-07,1 pm,4964,2
2025-07-07,4 pm,3726,9
2025-07-07,10 pm,3892,4
2025-07-08,1 pm,9850,9
2025-07-08,4 pm,4259,2
2025-07-08,10 pm,2364,9
2025-07-09,1 pm,7332,6
2025-07-09,4 pm,759,5
2025-07-09,10 pm,4199,9
2025-07-10,1 pm,8301,8
2025-07-10,4 pm,3849,0
2025-07-10,10 pm,7075,7
2025-07-11,1 pm,4214,5
2025-07-11,4 pm,3052,2
2025-07-11,10 pm,8090,5
2025-07-12,1 pm,1784,0
2025-07-12,4 pm,4759,6
2025-07-12,10 pm,3316,9
2025-07-13,1 pm,4186,9
2025-07-13,4 pm,3315,7
2025-07-13,10 pm,5267,9
2025-07-14,1 pm,1383,4
2025-07-14,4 pm,4205,1
2025-07-14,10 pm,9729,8
2025-07-15,1 pm,8046,4
2025-07-15,4 pm,743,5
2025-07-15,10 pm,2492,9
2025-07-16,1 pm,9026,0
2025-07-16,4 pm,281,5
2025-07-16,10 pm,5269,3
2025-07-17,1 pm,1265,3
2025-07-17,4 pm,1597,8
2025-07-17,10 pm,6907,2
2025-07-18,1 pm,3620,0
2025-07-18,4 pm,5337,7
2025-07-18,10 pm,4402,4
2025-07-19,1 pm,9619,3
2025-07-19,4 pm,1843,4
2025-07-19,10 pm,6229,7
2025-07-20,1 pm,6500,3
2025-07-20,4 pm,6361,7
2025-07-20,10 pm,2694,8
2025-07-21,1 pm,3778,0
2025-07-21,4 pm,1820,6
2025-07-21,10 pm,7886,9
2025-07-22,1 pm,1473,1
2025-07-22,4 pm,8417,1
2025-07-22,10 pm,2225,2
2025-07-23,1 pm,6324,6
2025-07-23,4 pm,783,8
2025-07-23,10 pm,4290,1
2025-07-24,1 pm,9683,3
2025-07-24,4 pm,1070,7
2025-07-24,10 pm,6606,0
2025-07-25,1 pm,5236,6
2025-07-25,4 pm,7519,8
2025-07-25,10 pm,387,2
2025-07-26,1 pm,8339,3
2025-07-26,4 pm,4905,6
2025-07-26,10 pm,4555,8
2025-07-28,1 pm,7365,0
2025-07-28,4 pm,4478,2
2025-07-28,10 pm,6327,6
2025-07-29,1 pm,4743,6
2025-07-29,4 pm,9097,4
2025-07-29,10 pm,1244,3
2025-07-30,1 pm,2708,5
2025-07-30,4 pm,2204,6
2025-07-30,10 pm,9699,0
2025-07-31,1 pm,8878,3
2025-07-31,4 pm,2528,0
2025-07-31,10 pm,1822,7
2025-08-01,1 pm,5408,7
2025-08-01,4 pm,521,3
2025-08-01,10 pm,1847,3
2025-08-02,1 pm,1371,7
2025-08-02,4 pm,5895,4
2025-08-02,10 pm,4812,7
2025-08-03,1 pm,2067,5
2025-08-03,4 pm,7014,2
2025-08-03,10 pm,4997,7
2025-08-04,1 pm,6591,4
2025-08-04,4 pm,5198,7
2025-08-04,10 pm,5261,2
2025-08-05,1 pm,5140,8
2025-08-05,4 pm,7153,7
2025-08-05,10 pm,8864,9
2025-08-06,1 pm,8729,8
2025-08-06,4 pm,5784,2
2025-08-06,10 pm,6438,1
2025-08-07,1 pm,6139,5
2025-08-07,4 pm,2266,5
2025-08-07,10 pm,9549,0
2025-08-08,1 pm,8850,5
2025-08-08,4 pm,7190,4
2025-08-08,10 pm,615,9
2025-08-09,1 pm,9800,9
2025-08-09,4 pm,8183,2
2025-08-09,10 pm,8457,6
2025-08-10,1 pm,1347,2
2025-08-10,4 pm,5520,7
2025-08-10,10 pm,544,2
2025-08-11,1 pm,224,9
2025-08-11,4 pm,1895,9
2025-08-11,10 pm,6051,0
2025-08-12,1 pm,5600,2
2025-08-12,4 pm,7629,0
2025-08-12,10 pm,2276,6
2025-08-13,1 pm,8925,0
2025-08-13,4 pm,1012,8
2025-08-13,10 pm,4137,2
2025-08-14,1 pm,3297,6
2025-08-14,4 pm,3374,6
2025-08-14,10 pm,1302,9
2025-08-15,1 pm,7494,9
2025-08-15,4 pm,9312,7
2025-08-15,10 pm,5383,8
2025-08-16,1 pm,7113,1
2025-08-16,4 pm,4494,3
2025-08-16,10 pm,7564,4
2025-08-17,1 pm,3232,9
2025-08-17,4 pm,6067,5
2025-08-17,10 pm,2117,7
2025-08-18,1 pm,1914,2
2025-08-18,4 pm,1203,4
2025-08-18,10 pm,7028,7
2025-08-19,1 pm,2462,1
2025-08-19,4 pm,9158,1
2025-08-19,10 pm,4607,2
2025-08-20,1 pm,1362,3
2025-08-20,4 pm,4459,8
2025-08-20,10 pm,4882,1
2025-08-21,1 pm,2599,7
2025-08-21,4 pm,2069,4
2025-08-21,10 pm,5634,3
2025-08-22,1 pm,6081,7
2025-08-22,4 pm,3391,1
2025-08-22,10 pm,934,5
2025-08-23,1 pm,8125,8
2025-08-23,4 pm,9116,4
2025-08-23,10 pm,9220,7
2025-08-24,1 pm,3887,3
2025-08-24,4 pm,1109,4
2025-08-24,10 pm,2068,8
2025-08-25,1 pm,8813,4
2025-08-25,4 pm,5312,7
2025-08-25,10 pm,7047,6
2025-08-26,1 pm,2242,8
2025-08-26,4 pm,2830,1
2025-08-26,10 pm,1313,0
2025-08-27,1 pm,1405,8
2025-08-27,4 pm,2076,4
2025-08-27,10 pm,2967,6
2025-08-28,1 pm,676,2
2025-08-28,4 pm,6235,4
2025-08-28,10 pm,7179,6
2025-08-29,1 pm,2350,3
2025-08-29,4 pm,9994,1
2025-08-29,10 pm,2103,1
2025-08-30,1 pm,3462,8
2025-08-30,4 pm,3249,1
2025-08-30,10 pm,2830,6
2025-08-31,1 pm,1143,5
2025-08-31,4 pm,4341,1
2025-08-31,10 pm,4287,0
2025-09-01,1 pm,4115,9
2025-09-01,4 pm,3682,4
2025-09-01,10 pm,3970,8
2025-09-02,1 pm,8403,4
2025-09-02,4 pm,1415,2
2025-09-02,10 pm,6635,8
2025-09-03,1 pm,3261,7
2025-09-03,4 pm,1285,2
2025-09-03,10 pm,6142,5
2025-09-04,1 pm,3725,6
2025-09-04,4 pm,1759,0
2025-09-04,10 pm,3699,3
2025-09-05,1 pm,8504,7
2025-09-05,4 pm,1265,6
2025-09-05,10 pm,5757,4
2025-09-06,1 pm,3801,3
2025-09-06,4 pm,961,0
2025-09-06,10 pm,1451,5
2025-09-07,1 pm,9359,9
2025-09-07,4 pm,1265,2
2025-09-07,10 pm,1941,4
2025-09-08,1 pm,7914,9
2025-09-08,4 pm,8030,6
2025-09-08,10 pm,7814,5
2025-09-09,1 pm,6697,9
2025-09-09,4 pm,3418,7
2025-09-09,10 pm,7324,9
2025-09-10,1 pm,8381,7
2025-09-10,4 pm,2595,3
2025-09-10,10 pm,6238,7
2025-09-11,1 pm,3140,6
2025-09-11,4 pm,7013,9
2025-09-11,10 pm,2487,2
2025-09-12,1 pm,5887,4
2025-09-12,4 pm,6785,6
2025-09-12,10 pm,2793,6
2025-09-13,1 pm,4604,1
2025-09-13,4 pm,9468,1
2025-09-13,10 pm,6203,2
2025-09-14,1 pm,9403,4
2025-09-14,4 pm,5185,3
2025-09-14,10 pm,243,2
2025-09-15,1 pm,2875,2
2025-09-15,4 pm,87,1
2025-09-15,10 pm,7108,9
2025-09-16,1 pm,1074,2
2025-09-16,4 pm,7793,4
2025-09-16,10 pm,7989,0
2025-09-17,1 pm,4607,4
2025-09-17,4 pm,8612,0
2025-09-17,10 pm,6407,3
2025-09-18,1 pm,483,3
2025-09-18,4 pm,4202,9
2025-09-18,10 pm,6395,5
2025-09-19,1 pm,3188,5
2025-09-19,4 pm,1760,0
2025-09-19,10 pm,3777,2
2025-09-20,1 pm,2931,5
2025-09-20,4 pm,1070,0
2025-09-20,10 pm,9341,2
2025-09-21,1 pm,2390,9
2025-09-21,4 pm,6718,1
2025-09-21,10 pm,2198,5
2025-09-22,1 pm,4189,0
2025-09-22,4 pm,9986,9
2025-09-22,10 pm,3318,7
2025-09-23,1 pm,4367,9
2025-09-23,4 pm,2974,3
2025-09-23,10 pm,5638,0
2025-09-24,1 pm,6277,2
2025-09-24,4 pm,2356,0
2025-09-24,10 pm,6921,8
2025-09-25,1 pm,6746,5
2025-09-25,4 pm,119,2
2025-09-25,10 pm,87,2
2025-09-26,1 pm,7757,8
2025-09-26,4 pm,9654,2
2025-09-26,10 pm,4381,1
2025-09-27,1 pm,4706,1
2025-09-27,4 pm,4918,6
2025-09-27,10 pm,8768,7
2025-09-28,1 pm,2281,8
2025-09-28,4 pm,7,3
2025-09-28,10 pm,1065,8
2025-09-29,1 pm,6116,0
2025-09-29,4 pm,933,8
2025-09-29,10 pm,2896,4
2025-09-30,1 pm,1209,7
2025-09-30,4 pm,9077,3
2025-09-30,10 pm,2543,1
2025-10-01,1 pm,7775,0
2025-10-01,4 pm,6687,2
2025-10-01,10 pm,6899,4
2025-10-02,1 pm,94,5
2025-10-02,4 pm,4058,5
2025-10-02,10 pm,7720,9
2025-10-03,1 pm,8095,1
2025-10-03,4 pm,1961,1
2025-10-03,10 pm,7043,6
2025-10-04,1 pm,4480,7
2025-10-04,4 pm,6845,7
2025-10-04,10 pm,2433,7
2025-10-05,1 pm,4845,1
2025-10-05,4 pm,7818,8
2025-10-05,10 pm,5226,8
2025-10-06,1 pm,1920,9
2025-10-06,4 pm,112,8
2025-10-06,10 pm,9275,8
2025-10-07,1 pm,4231,5
2025-10-07,4 pm,4703,4
2025-10-07,10 pm,9145,0
2025-10-08,1 pm,8665,0
2025-10-08,4 pm,7414,2
2025-10-08,10 pm,5176,8
2025-10-09,1 pm,8144,2
2025-10-09,4 pm,2013,7
2025-10-09,10 pm,9865,3
2025-10-10,1 pm,3667,3
2025-10-10,4 pm,7540,8
2025-10-10,10 pm,5665,8
2025-10-11,1 pm,4786,1
2025-10-11,4 pm,4025,7
2025-10-11,10 pm,9077,7
2025-10-12,1 pm,9007,4
2025-10-12,4 pm,2602,4
2025-10-12,10 pm,8582,5
2025-10-13,1 pm,6845,6
2025-10-13,4 pm,2977,8
2025-10-13,10 pm,1756,1
2025-10-14,1 pm,8937,1
2025-10-14,4 pm,4814,7
2025-10-14,10 pm,871,1
2025-10-15,1 pm,7571,2
2025-10-15,4 pm,7394,1
2025-10-15,10 pm,9488,5
2025-10-16,1 pm,7456,0
2025-10-16,4 pm,3640,5
2025-10-16,10 pm,9398,7
2025-10-17,1 pm,994,2
2025-10-17,4 pm,521,9
2025-10-17,10 pm,200,3
2025-10-18,1 pm,3470,2
2025-10-18,4 pm,2888,8
2025-10-18,10 pm,6039,1
2025-10-19,1 pm,8824,5
2025-10-19,4 pm,9168,7
2025-10-19,10 pm,6323,5
2025-10-20,1 pm,9695,4
2025-10-20,4 pm,8523,3
2025-10-20,10 pm,3846,3
2025-10-21,1 pm,8129,3
2025-10-21,4 pm,1039,0
2025-10-21,10 pm,3104,6
2025-10-22,1 pm,1330,1
2025-10-22,4 pm,2552,4
2025-10-22,10 pm,4856,7
2025-10-23,1 pm,7231,4
2025-10-23,4 pm,4320,2
2025-10-23,10 pm,6069,2
2025-10-24,1 pm,6218,4
2025-10-24,4 pm,9765,5
2025-10-24,10 pm,3097,5
2025-10-25,1 pm,3509,9
2025-10-25,4 pm,3693,0
2025-10-25,10 pm,147,2
2025-10-26,1 pm,2593,4
2025-10-26,4 pm,794,3
2025-10-26,10 pm,20,0
2025-10-27,1 pm,2675,0
2025-10-27,4 pm,9728,9
2025-10-27,10 pm,4473,5
2025-10-28,1 pm,8860,7
2025-10-28,4 pm,1136,5
2025-10-28,10 pm,3967,6
2025-10-29,1 pm,9612,3
2025-10-29,4 pm,706,6
2025-10-29,10 pm,1811,2
2025-10-30,1 pm,8174,9
2025-10-30,4 pm,4257,5
2025-10-30,10 pm,7926,1
2025-10-31,1 pm,2842,6
2025-10-31,4 pm,7355,8
2025-10-31,10 pm,8863,4
2025-11-01,1 pm,2115,1
2025-11-01,4 pm,1425,4
2025-11-01,10 pm,4100,2
2025-11-02,1 pm,6955,6
2025-11-02,4 pm,6065,7
2025-11-02,10 pm,435,6
2025-11-03,1 pm,9441,2
2025-11-03,4 pm,8357,1
2025-11-03,10 pm,2689,1
2025-11-04,1 pm,6057,5
2025-11-04,4 pm,3586,0
2025-11-04,10 pm,2187,7
2025-11-05,1 pm,4698,1
2025-11-05,4 pm,3043,2
2025-11-05,10 pm,4172,4
2025-11-06,1 pm,6253,1
2025-11-06,4 pm,6547,4
2025-11-06,10 pm,1690,6
2025-11-07,1 pm,7714,7
2025-11-07,4 pm,9904,3
2025-11-07,10 pm,323,5
2025-11-08,1 pm,3645,8
2025-11-08,4 pm,6251,0
2025-11-08,10 pm,4377,7
2025-11-09,1 pm,7391,4
2025-11-09,4 pm,1463,8
2025-11-09,10 pm,13,8
2025-11-10,1 pm,3230,4
2025-11-10,4 pm,5552,6
2025-11-10,10 pm,6092,6
2025-11-11,1 pm,488,2
2025-11-11,4 pm,8067,6
2025-11-11,10 pm,9694,0
2025-11-12,1 pm,1346,6
2025-11-12,4 pm,2563,1
2025-11-12,10 pm,7227,3
2025-11-13,1 pm,6166,4
2025-11-13,4 pm,2550,3
2025-11-13,10 pm,8528,9
2025-11-14,1 pm,7067,9
2025-11-14,4 pm,8489,2
2025-11-14,10 pm,6915,0
2025-11-15,1 pm,6010,6
2025-11-15,4 pm,6923,1
2025-11-15,10 pm,8231,6
2025-11-16,1 pm,2554,4
2025-11-16,4 pm,1824,4
2025-11-16,10 pm,4224,3
2025-11-17,1 pm,2285,4
2025-11-17,4 pm,1299,5
2025-11-17,10 pm,4710,5
2025-11-18,1 pm,4071,4
2025-11-18,4 pm,7651,9
2025-11-18,10 pm,4402,6
2025-11-19,1 pm,3578,5
2025-11-19,4 pm,6351,8
2025-11-19,10 pm,6592,2
2025-11-20,1 pm,4645,5
2025-11-20,4 pm,9423,7
2025-11-20,10 pm,5197,2
2025-11-21,1 pm,6675,8
2025-11-21,4 pm,7937,9
2025-11-21,10 pm,3348,2
2025-11-22,1 pm,4235,0
2025-11-22,4 pm,5206,5
2025-11-22,10 pm,6228,3
2025-11-23,1 pm,740,9
2025-11-23,4 pm,6384,4
2025-11-23,10 pm,2596,2
2025-11-24,1 pm,2650,2
2025-11-24,4 pm,4481,1
2025-11-24,10 pm,7707,0
2025-11-25,1 pm,4019,5
2025-11-25,4 pm,7419,5
2025-11-25,10 pm,4098,2
2025-11-26,1 pm,177,1
2025-11-26,4 pm,325,4
2025-11-26,10 pm,2388,8
2025-11-27,1 pm,8027,1
2025-11-27,4 pm,6512,9
2025-11-27,10 pm,4196,2
2025-11-28,1 pm,7709,2
2025-11-28,4 pm,8075,7
2025-11-28,10 pm,3724,3
2025-11-29,1 pm,5579,8
2025-11-29,4 pm,7187,2
2025-11-29,10 pm,6416,0
2025-11-30,1 pm,7293,0
2025-11-30,4 pm,7405,4
2025-11-30,10 pm,7370,9
2025-12-01,1 pm,7865,1
2025-12-01,4 pm,9148,2
2025-12-01,10 pm,6573,1
2025-12-02,1 pm,1369,6
2025-12-02,4 pm,7333,8
2025-12-02,10 pm,2469,0
2025-12-03,1 pm,2022,2
2025-12-03,4 pm,858,3
2025-12-03,10 pm,4673,0
2025-12-04,1 pm,7124,5
2025-12-04,4 pm,2315,7
2025-12-04,10 pm,5301,8
2025-12-05,1 pm,8414,9
2025-12-05,4 pm,7810,8
2025-12-05,10 pm,1422,6
2025-12-06,1 pm,7634,3
2025-12-06,4 pm,6693,5
2025-12-06,10 pm,7254,8
2025-12-07,1 pm,3924,7
2025-12-07,4 pm,1694,9
2025-12-07,10 pm,2132,5
2025-12-08,1 pm,3777,2
2025-12-08,4 pm,8232,6
2025-12-08,10 pm,3001,6
2025-12-09,1 pm,8346,9
2025-12-09,4 pm,280,8
2025-12-09,10 pm,7669,4
2025-12-10,1 pm,6685,7
2025-12-10,4 pm,4191,5
2025-12-10,10 pm,4988,4
2025-12-11,1 pm,8854,5
2025-12-11,4 pm,5699,5
2025-12-11,10 pm,5187,0
2025-12-12,1 pm,4992,2
2025-12-12,4 pm,6617,9
2025-12-12,10 pm,2291,0
2025-12-13,1 pm,2857,2
2025-12-13,4 pm,2080,2
2025-12-13,10 pm,987,7
2025-12-14,1 pm,1692,6
2025-12-14,4 pm,7146,9
2025-12-14,10 pm,9570,8
2025-12-15,1 pm,6801,3
2025-12-15,4 pm,7960,5
2025-12-15,10 pm,4549,4
2025-12-16,1 pm,456,0
2025-12-16,4 pm,2345,7
2025-12-16,10 pm,7537,2
2025-12-17,1 pm,8194,8
2025-12-17,4 pm,5162,0
2025-12-17,10 pm,7809,0
2025-12-18,1 pm,1896,8
2025-12-18,4 pm,4306,4
2025-12-18,10 pm,1163,5
2025-12-19,1 pm,2966,3
2025-12-19,4 pm,430,1
2025-12-19,10 pm,9974,3
2025-12-20,1 pm,7086,5
2025-12-20,4 pm,1138,8
2025-12-20,10 pm,7034,1
2025-12-21,1 pm,2362,2
2025-12-21,4 pm,8315,8
2025-12-21,10 pm,8998,7
2025-12-22,1 pm,6766,3
2025-12-22,4 pm,1886,8
2025-12-22,10 pm,9506,0
2025-12-23,1 pm,9608,0
2025-12-23,4 pm,1200,4
2025-12-23,10 pm,562,5
2025-12-24,1 pm,1596,6
2025-12-26,1 pm,1734,1
2025-12-26,4 pm,9682,2
2025-12-26,10 pm,5020,0
2025-12-27,1 pm,3606,0
2025-12-27,4 pm,4620,1
2025-12-27,10 pm,6630,7
2025-12-28,1 pm,4984,9
2025-12-28,4 pm,4255,5
2025-12-28,10 pm,204,9
2025-12-29,1 pm,9919,7
2025-12-29,4 pm,6924,2
2025-12-29,10 pm,6169,9
2025-12-30,1 pm,6603,1
2025-12-30,4 pm,7712,8
2025-12-30,10 pm,3711,3
2025-12-31,1 pm,293,0
2026-01-02,1 pm,4150,2
2026-01-02,4 pm,3626,7
2026-01-02,10 pm,4137,6
2026-01-03,1 pm,9307,8
2026-01-03,4 pm,6821,4
2026-01-03,10 pm,194,1
2026-01-04,1 pm,4912,8
2026-01-04,4 pm,6298,1
2026-01-04,10 pm,4080,4
2026-01-05,1 pm,2843,0
2026-01-05,4 pm,2479,0
2026-01-05,10 pm,7736,6
2026-01-06,1 pm,7759,0
2026-01-06,4 pm,3532,9
2026-01-06,10 pm,4843,3
2026-01-07,1 pm,866,2
2026-01-07,4 pm,2119,7
2026-01-07,10 pm,7218,0
2026-01-08,1 pm,9506,9
2026-01-08,4 pm,240,3
2026-01-08,10 pm,8662,3
2026-01-09,1 pm,6897,6
2026-01-09,4 pm,6006,9
2026-01-09,10 pm,9344,2
2026-01-10,1 pm,3456,5
2026-01-10,4 pm,3934,9
2026-01-10,10 pm,7267,3
2026-01-11,1 pm,9028,8
2026-01-11,4 pm,1062,1
2026-01-11,10 pm,6466,6
2026-01-12,1 pm,2592,5
2026-01-12,4 pm,6250,9
2026-01-12,10 pm,8074,7
2026-01-13,1 pm,2445,0
2026-01-13,4 pm,4526,7
2026-01-13,10 pm,4663,5
2026-01-14,1 pm,8714,4
2026-01-14,4 pm,345,9
2026-01-14,10 pm,5975,3
2026-01-15,1 pm,5736,8
2026-01-15,4 pm,7769,0
2026-01-15,10 pm,622,4
2026-01-16,1 pm,2135,1
2026-01-16,4 pm,3532,9
2026-01-16,10 pm,4534,4
2026-01-17,1 pm,87,4
2026-01-17,4 pm,4834,9
2026-01-17,10 pm,94,2
2026-01-18,1 pm,9409,5
2026-01-18,4 pm,5793,2
2026-01-18,10 pm,4313,7
2026-01-19,1 pm,2234,1
2026-01-19,4 pm,4705,7
2026-01-19,10 pm,7835,7
2026-01-20,1 pm,9201,0
2026-01-20,4 pm,9753,9
2026-01-20,10 pm,6893,1
2026-01-21,1 pm,3634,0
2026-01-21,4 pm,8261,0
2026-01-21,10 pm,3496,8
2026-01-22,1 pm,8214,7
2026-01-22,4 pm,1176,2
2026-01-22,10 pm,6006,4
2026-01-23,1 pm,2024,3
2026-01-23,4 pm,6777,3
2026-01-23,10 pm,108,9
2026-01-24,1 pm,8415,5
2026-01-24,4 pm,6209,0
2026-01-24,10 pm,8698,1
2026-01-25,1 pm,2588,2
2026-01-25,4 pm,9675,8
2026-01-25,10 pm,6567,5
2026-01-26,1 pm,1077,8
2026-01-26,4 pm,2249,0
2026-01-26,10 pm,8285,1
2026-01-27,1 pm,8743,7
2026-01-27,4 pm,2059,9
2026-01-27,10 pm,1813,0
2026-01-28,1 pm,9786,9
2026-01-28,4 pm,1901,6
2026-01-28,10 pm,2056,5
2026-01-29,1 pm,8778,5
2026-01-29,4 pm,9405,3
2026-01-29,10 pm,7102,9
2026-01-30,1 pm,2227,6
2026-01-30,4 pm,602,3
2026-01-30,10 pm,7154,4
2026-01-31,1 pm,8229,2
2026-01-31,4 pm,332,8
2026-01-31,10 pm,576,3
2026-02-01,1 pm,5859,4
2026-02-01,4 pm,3495,0
2026-02-01,10 pm,5895,9
2026-02-02,1 pm,6228,0
2026-02-02,4 pm,7568,0
2026-02-02,10 pm,3245,9
2026-02-03,1 pm,5016,4
2026-02-03,4 pm,4556,2
2026-02-03,10 pm,3525,5
2026-02-04,1 pm,2438,2
2026-02-04,4 pm,5856,8
2026-02-04,10 pm,8665,8
2026-02-05,1 pm,2968,0
2026-02-05,4 pm,8569,6
2026-02-05,10 pm,6098,7
2026-02-06,1 pm,6284,8
2026-02-06,4 pm,6199,9
2026-02-06,10 pm,1644,1
2026-02-07,1 pm,7669,0
2026-02-07,4 pm,5963,8
2026-02-07,10 pm,578,2
2026-02-08,1 pm,1557,4
2026-02-08,4 pm,9673,9
2026-02-08,10 pm,65,1
2026-02-09,1 pm,6955,7
2026-02-09,4 pm,5783,8
2026-02-09,10 pm,7213,4
2026-02-10,1 pm,3235,2
2026-02-10,4 pm,4783,5
2026-02-10,10 pm,9911,5
2026-02-11,1 pm,8396,7
2026-02-11,4 pm,6439,2
2026-02-11,10 pm,9784,2
2026-02-12,1 pm,6936,2
2026-02-12,4 pm,9198,4
2026-02-12,10 pm,1489,7
2026-02-13,1 pm,5954,7
2026-02-13,4 pm,4565,4
2026-02-13,10 pm,6199,2
2026-02-14,1 pm,9304,1
2026-02-14,4 pm,7848,7
2026-02-14,10 pm,6314,2
2026-02-15,1 pm,5422,8
2026-02-15,4 pm,6347,2
2026-02-15,10 pm,6365,7
2026-02-16,1 pm,6131,3
2026-02-16,4 pm,5414,8
2026-02-16,10 pm,9139,4
2026-02-17,1 pm,8690,5
2026-02-17,4 pm,8633,5
2026-02-17,10 pm,6481,5
2026-02-18,1 pm,6220,6
2026-02-18,4 pm,89,8
2026-02-18,10 pm,6508,9
2026-02-19,1 pm,4573,7
2026-02-19,4 pm,4629,1
2026-02-19,10 pm,6650,8
2026-02-20,1 pm,190,7
2026-02-20,4 pm,3349,0
2026-02-20,10 pm,5933,9
2026-02-21,1 pm,9798,4
2026-02-21,4 pm,3957,5
2026-02-21,10 pm,593,4
2026-02-22,1 pm,8635,1
2026-02-22,4 pm,1014,1
2026-02-22,10 pm,9778,3
2026-02-23,1 pm,2504,5
2026-02-23,4 pm,4600,7
2026-02-23,10 pm,4324,8
2026-02-24,1 pm,7529,2
2026-02-24,4 pm,824,6
2026-02-24,10 pm,3649,2
2026-02-25,1 pm,2209,2
2026-02-25,4 pm,1904,4
2026-02-25,10 pm,4492,9
2026-02-26,1 pm,9310,9
2026-02-26,4 pm,8251,2
2026-02-26,10 pm,593,8
2026-02-27,1 pm,7849,2
2026-02-27,4 pm,3110,3
2026-02-27,10 pm,1597,6
2026-02-28,1 pm,9198,0
2026-02-28,4 pm,1909,9
2026-02-28,10 pm,1947,6
2026-03-01,1 pm,9630,1
2026-03-01,4 pm,7794,5
2026-03-01,10 pm,2890,0
2026-03-02,1 pm,131,5
2026-03-02,4 pm,8832,8
2026-03-02,10 pm,6093,7
2026-03-03,1 pm,6040,2
2026-03-03,4 pm,9657,0
2026-03-03,10 pm,6141,7
2026-03-04,1 pm,9068,3
2026-03-04,4 pm,5584,0
2026-03-04,10 pm,1676,4
2026-03-05,1 pm,5392,7
2026-03-05,4 pm,4936,4
2026-03-05,10 pm,1561,6
2026-03-06,1 pm,1564,6
2026-03-06,4 pm,3487,8
2026-03-06,10 pm,671,1
2026-03-07,1 pm,3780,3
2026-03-07,4 pm,624,8
2026-03-07,10 pm,7632,9
2026-03-08,1 pm,5804,0
2026-03-08,4 pm,2149,6
2026-03-08,10 pm,7844,2
2026-03-09,1 pm,3111,5
2026-03-09,4 pm,9110,3
2026-03-09,10 pm,5085,9
2026-03-10,1 pm,9928,9
2026-03-10,4 pm,842,3
2026-03-10,10 pm,7985,6
2026-03-11,1 pm,6020,9
2026-03-11,4 pm,4519,2
2026-03-11,10 pm,3943,4
2026-03-12,1 pm,6423,6
2026-03-12,4 pm,860,5
2026-03-12,10 pm,8889,6
2026-03-13,1 pm,8675,6
2026-03-13,4 pm,1625,6
2026-03-13,10 pm,6140,3
2026-03-14,1 pm,9936,7
2026-03-14,4 pm,5610,9
2026-03-14,10 pm,5668,6
2026-03-15,1 pm,7323,3
2026-03-15,4 pm,3321,1
2026-03-15,10 pm,4814,8
2026-03-16,1 pm,5249,8
2026-03-16,4 pm,4868,7
2026-03-16,10 pm,5306,7
2026-03-17,1 pm,7049,1
2026-03-17,4 pm,7357,6
2026-03-17,10 pm,6009,7
2026-03-18,1 pm,0406,5
2026-03-18,4 pm,1628,8
2026-03-18,10 pm,7007,0
2026-03-19,1 pm,6521,5
2026-03-19,4 pm,1035,0
2026-03-19,10 pm,9315,9
2026-03-20,1 pm,1264,4
2026-03-20,4 pm,7246,0
2026-03-20,10 pm,3379,4
2026-03-21,1 pm,3423,8
2026-03-21,4 pm,1064,2
2026-03-21,10 pm,7015,0
2026-03-22,1 pm,6401,5
2026-03-22,4 pm,9665,9
2026-03-22,10 pm,3895,6
2026-03-23,1 pm,0494,1
2026-03-23,4 pm,2893,0
2026-03-23,10 pm,0188,3
2026-03-24,1 pm,9040,9
2026-03-24,4 pm,6598,7
2026-03-24,10 pm,4449,3
2026-03-25,1 pm,3352,7
